<manifest alg="2" build="2017.0.2.363" opt="false" iceEnabled="true" iceMarkupVersion="2" iceEnabledOptions="link,responsive,cachebuster,textStyling" exportTarget="other" domain="miss.com" resolutions="1x" timestamp="1516014948343">
  <folder name="css">
    <file name="site_global.css" crc="443350757"/>
    <file name="index.css" crc="157653905" ref="index"/>
  </folder>
  <folder name="fonts">
    <file name="roboto-black.woff" crc="388774813"/>
    <file name="roboto-black.eot" crc="4167396660"/>
    <file name="roboto-black.svg" crc="3967395432"/>
    <file name="roboto-bold.woff" crc="74621927"/>
    <file name="roboto-bold.eot" crc="395037782"/>
    <file name="roboto-bold.svg" crc="435940150"/>
  </folder>
  <folder name="scripts">
    <file name="jquery-1.8.3.min.js" crc="209076791" ref="index"/>
    <file name="museutils.js" crc="4232573551" ref="index"/>
    <file name="whatinput.js" crc="86476730" ref="index"/>
    <file name="museconfig.js" crc="3849126041" ref="index"/>
    <file name="require.js" crc="4234670167" ref="index"/>
    <file name="jquery.musepolyfill.bgsize.js" crc="3880853905" ref="index"/>
  </folder>
  <folder name="images">
    <file name="header-bg.jpg" crc="87224286" ref="index">
      <caption webpage="index" alt=""/>
    </file>
  </folder>
  <file name="index.html" crc="3888036484" seo="true" mt="1516014935991" redirect="true"/>
</manifest>